name,url,username,password,note,cardholdername,cardnumber,cvc,expirydate,zipcode,folder,full_name,phone_number,email,address1,address2,city,country,state
soundcloud.com,https://secure.soundcloud.com,r.bell.harrison3@gmail.com,!6wHM9Yau91Jasp,,,,,,,,,,,,,,,
surveymonkey.com,https://www.surveymonkey.com/survey-thanks/,r.bell.harrison3@gmail.com,ESO15123,,,,,,,,,,,,,,,
rockstargames.com,https://socialclub.rockstargames.com/profile/resetpassword,r.bell.harrison3@gmail.com,Qwerty12,,,,,,,,,,,,,,,
Card,,,,,,,,,,,Robert H Bell,,,,,,,
enigmasoftware.com,https://www.enigmasoftware.com/products/spyhunter/,stewart.bell@sbcglobal.net,stewartbell,,,,,,,,,,,,,,,
Residentportal.com,https://palisadeapts.residentportal.com/resident_portal/,rhbell2@wisc.edu,ESO15123a,,,,,,,,,,,,,,,
gamerschoice.tv,https://gamerschoice.tv/register.aspx,r.bell.harrison3@gmail.com,ESO15123a,,,,,,,,,,,,,,,
epicgames.com,https://www.epicgames.com,harrison.bell12333@gmail.com,ESO15123,,,,,,,,,,,,,,,
sprint.com,https://www.sprint.com/en/login.html,wsbell422,SoMy#2Sprint2pass,,,,,,,,,,,,,,,
xoticpc.com,https://www.xoticpc.com/customer/account/create/,r.bell.harrison3@gmail.com,ESO15123,,,,,,,,,,,,,,,
Motorolasolutions.wd5.myworkdayjobs.com,https://motorolasolutions.wd5.myworkdayjobs.com,r.bell.harrison3@gmail.com,ESO15123a_,,,,,,,,,,,,,,,
rltracker.pro,https://rltracker.pro/users/password,r.bell.harrison3@gmail.com,ESO15123,,,,,,,,,,,,,,,
hulu.com,https://www.hulu.com/welcome,r.bell.harrison3@gmail.com,ESO15123a,,,,,,,,,,,,,,,
github.com,https://github.com/session,rhbell2@wisc.edu,ESO15123a,,,,,,,,,,,,,,,
rockstargames.com,https://signin.rockstargames.com/signin/user-form,r.bell.harrison3@gmail.com,Qwerty12,,,,,,,,,,,,,,,
op.gg,https://member.op.gg/,R.BELL.HARRISON3@GMAIL.COM,ESO15123A_A,,,,,,,,,,,,,,,
twitch.tv,https://passport.twitch.tv/users/new,Harrison314,ESO15123,,,,,,,,,,,,,,,
github.com,https://github.com/login,rhbell2@wisc.edu,ESO15123a,,,,,,,,,,,,,,,
Nord,https://my.nordaccount.com/,r.bell.harrison3@gmail.com,ESO15123a_a,,,,,,,,,,,,,,,
rocket-league.com,https://rocket-league.com/register,r.bell.harrison3@gmail.com,ESO15123,,,,,,,,,,,,,,,
Github.com,https://github.com/login,r.bell.harrison3@gmail.com,ESO15123_ESO15123,,,,,,,,,,,,,,,
supercell.com,https://shop.supercell.com/account/register,r.bell.harrison3@gmail.com,ESO15123,,,,,,,,,,,,,,,
faceit.com,https://www.faceit.com/en/register,HBTachyon,ESO15123,,,,,,,,,,,,,,,
github.com,https://github.com/join,TCHYN,ESO15123a,,,,,,,,,,,,,,,
gatech.edu,https://login.gatech.edu/cas/login,rbell49,ESO15123_ESO1512312,,,,,,,,,,,,,,,
mit.edu,https://scratch.mit.edu/accounts/standalone-registration/,TachyonHB,ESO15123,,,,,,,,,,,,,,,
piazza.com,https://piazza.com/reset_password,rhbell2@wisc.edu,ESO15123a_a,,,,,,,,,,,,,,,
Sso.walgreens.com,https://sso.walgreens.com/idp/idpLogin,rhbell3d,ESO15123a,,,,,,,,,,,,,,,
gatech.edu,https://application.gatech.edu/account/login,r.bell.harrison3@gmail.com,ESO15123,,,,,,,,,,,,,,,
Mypassport.walgreens.com,https://mypassport.walgreens.com,rhbell3d,ESO15123a,,,,,,,,,,,,,,,
renweb.com,http://acs-il.client.renweb.com/pw/,stewart.bell@united.com,can5946,,,,,,,,,,,,,,,
crunchyroll.com,https://www.crunchyroll.com/login,r.bell.harrison3@gmail.com,ESO15123,,,,,,,,,,,,,,,
piazza.com,https://piazza.com/signup,rhbell2@wisc.edu,ESO15123a_a,,,,,,,,,,,,,,,
mheducation.com,https://shop.mheducation.com/store/app/connect/createAccount.html,rhbell2@wisc.edu,ESO15123a,,,,,,,,,,,,,,,
nintendo.com,https://accounts.nintendo.com/password/reset/update,r.bell.harrison3@gmail.com,ESO15123a,,,,,,,,,,,,,,,
robinhood.com,https://robinhood.com/login,r.bell.harrison3@gmail.com,ESO15123a_a,,,,,,,,,,,,,,,
nvidia.com,https://www.nvidia.com/en-us/account/reset-password/,r.bell.harrison3@gmail.com,ESO15123_a,,,,,,,,,,,,,,,
gradescope.com,https://www.gradescope.com/login,rhbell2@wisc.edu,ESO15123a_a12,,,,,,,,,,,,,,,
att.com,https://www.att.com/my/,stewart.bell@sbcglobal.net,corb4harr1,,,,,,,,,,,,,,,
spartanstores.com,https://hrssl.spartanstores.com/psp/hrprdss/,227583,QWERTYUIOP_1,,,,,,,,,,,,,,,
mheducation.com,https://connect.mheducation.com/connect/login/index.htm,rhbell2@wisc.edu,ESO15123a,,,,,,,,,,,,,,,
Credit Union,,,,,Robert,4072040010746734,311,04/24,53703,,,,,,,,,
gearboxsoftware.com,https://shift.gearboxsoftware.com/registration,r.bell.harrison3@gmail.com,ESO15123a,,,,,,,,,,,,,,,
ashesofcreation.com,https://www.ashesofcreation.com/register/,Tachyon,ESO15123a,,,,,,,,,,,,,,,
hulu.com,https://secure.hulu.com/account,r.bell.harrison3@gmail.com,ESO15123a,,,,,,,,,,,,,,,
intuit.com,https://myturbotax.intuit.com/,rharryb,eso15123A_,,,,,,,,,,,,,,,
Dropout.tv,https://www.dropout.tv,r.bell.harrison3@gmail.com,4yJ#d3K3&CyX,,,,,,,,,,,,,,,
square-enix.com,https://secure.square-enix.com/oauth/oa/registligt.sendConf,TCHYN2000,ESO15123,,,,,,,,,,,,,,,
collegeboard.org,https://account.collegeboard.org/login/login,HarrisonBell3,ESO15123,,,,,,,,,,,,,,,
mangadex.org,https://mangadex.org/login,harrey,YgRdA9RpZEV5$rB,,,,,,,,,,,,,,,
pottermore.com,https://my.pottermore.com/account/join,r.bell.harrison3@gmail.com,ESO15123,,,,,,,,,,,,,,,
Disneyplus.com,https://www.disneyplus.com,r.bell.harrison3@gmail.com,ESO15123,,,,,,,,,,,,,,,
minecraft.net,https://my.minecraft.net/en-us/store/minecraft/,r.bell.harrison3@gmail.com,ESO15123,,,,,,,,,,,,,,,
quizlet.com,https://quizlet.com/login,Harrison91913,ESO15123,,,,,,,,,,,,,,,
myanimelist.net,https://myanimelist.net/login.php,HARRY12345A,ESO15123,,,,,,,,,,,,,,,
sprint.com,https://mysprint.sprint.com/mysprint/pages/sl/global/login.jsp,wsbell422,SoMy#2Sprint2pass,,,,,,,,,,,,,,,
go.com,https://landing.registerdisney.go.com/,r.bell8674840,ESO15123,,,,,,,,,,,,,,,
spartanstores.com,https://jobsssl.spartanstores.com/psc/hrprdcg/EMPLOYEE/HRMS/c/HRS_HRAM_FL.HRS_CG_SEARCH_FL.GBL,harryb,***,,,,,,,,,,,,,,,
twitch.tv,https://passport.twitch.tv/sessions/new,harr,ESO15123,,,,,,,,,,,,,,,
twitch.tv,https://www.twitch.tv/settings/profile,harry_0__0,ESO15123,,,,,,,,,,,,,,,
zybooks.com,https://learn.zybooks.com/signin,rhbell2@wisc.edu,ESO15123a_a,,,,,,,,,,,,,,,
go.com,https://cdn.registerdisney.go.com/v2/ESPN-ONESITE.WEB-PROD/en-US,r.bell8674840,ESO15123,,,,,,,,,,,,,,,
funimation.com,https://www.funimation.com/subscribe/,r.bell.harrison3@gmail.com,ESO15123a_,,,,,,,,,,,,,,,
wisc.edu,https://clearpass.uwnet.wisc.edu/guest/portal_login.php,rhbell2@wisc.edu,143546,,,,,,,,,,,,,,,
wisc.edu,https://login.wisc.edu/idp/profile/SAML2/Redirect/SSO,r.bell.harrison3@gmail.com,ESO15123a_,,,,,,,,,,,,,,,
roll20.net,https://app.roll20.net,r.bell.harrison3@gmail.com,Np!U3PmdV3Xx6^r,,,,,,,,,,,,,,,
discordapp.com,https://discordapp.com/login,r.bell.harrison3@gmail.com,ESO15123,,,,,,,,,,,,,,,
netflix.com,https://www.netflix.com/Login,soooomuchfun@yahoo.com,Xxilf2ten,,,,,,,,,,,,,,,
studyblue.com,https://www.studyblue.com/hello,r.bell.harrison3@gmail.com,ESO15123,,,,,,,,,,,,,,,
collegeboard.org,https://apstudent.collegeboard.org/home,HarrisonBell3,ESO15123,,,,,,,,,,,,,,,
apple.com,https://idmsa.apple.com/appleauth/auth/signin,harrison.bell12333@gmail.com,ESO15123a,,,,,,,,,,,,,,,
collegeboard.org,https://account.collegeboard.org/login/login,HarrisonBell3,ESO15123,,,,,,,,,,,,,,,
spartanstores.com,https://hrssl.spartanstores.com/psp/hrprdss/,227583,ESO15123_QWERTY,,,,,,,,,,,,,,,
twitter.com,https://twitter.com/login/error,r.bell.harrison3@gmail.com,ESO15123,,,,,,,,,,,,,,,
epicgames.com,https://www.epicgames.com/id/login,r.bell.harrison3@gmail.com,ESO15123a_,,,,,,,,,,,,,,,
learnshare.com,http://lms2.learnshare.com/dashboard/dash.home.aspx,227583,ESO15123a_,,,,,,,,,,,,,,,
peacocktv.com,https://www.peacocktv.com,,2btqakG9LQ%@QrV,,,,,,,,,,,,,,,
elderscrollsonline.com,https://account.elderscrollsonline.com/register/account-information,r.bell.harrison3@gmail.com,Nosirrah1Lleb,,,,,,,,,,,,,,,
wisc.edu,https://www.mynetid.wisc.edu/modify,rhbell2,ESO15123a_a,,,,,,,,,,,,,,,
wisc.edu,https://csl.cs.wisc.edu/account_management/form,hbell,ESO15123,,,,,,,,,,,,,,,
spartanstores.com,https://hrssl.spartanstores.com,,QWERTYUIOP_1,,,,,,,,,,,,,,,
jostens.com,http://yearbookavenue.jostens.com/,hbell,yb2016,,,,,,,,,,,,,,,
arena.net,https://account.arena.net/register,r.bell.harrison3@gmail.com,ESO15123,,,,,,,,,,,,,,,
riotgames.com,https://auth.riotgames.com/authorize,HBTachyon,ESO15123,,,,,,,,,,,,,,,
alliantcreditunion.com,https://www.alliantcreditunion.com/OnlineBanking/Login.aspx,hbell356,Gr!2qV5m9dzHetr,,,,,,,,,,,,,,,
google.com,https://accounts.google.com/SignUp,harrison.bell12333,ESO15123,,,,,,,,,,,,,,,
Fidelity,"https://fidelity.com
",RHarrisonB2000,kifhUd-0forcu-dobxa,,,,,,,,,,,,,,,
mbsbooks.com,https://secure2.mbsbooks.com/login,rhbell2@wisc.edu,9080101612,,,,,,,,,,,,,,,
oracle.com,https://profile.oracle.com/myprofile/account/create-account.jspx,r.bell.harrison3@gmail.com,ESO15123a,,,,,,,,,,,,,,,
nulab.com,https://apps.nulab.com,rhbell2@wisc.edu,2&bFx85&9GyU%@s,,,,,,,,,,,,,,,
kissanime.ru,http://kissanime.ru/Register,r.bell.harrison3@gmail.com,ESO15123,,,,,,,,,,,,,,,
webassign.net,https://www.webassign.net/wa-auth/migrate/sso-link,RHBELL2@WISC.EDU,ESO15123,,,,,,,,,,,,,,,
collegeboard.org,https://apscore.collegeboard.org/scores/,HarrisonBell3,ESO15123,,,,,,,,,,,,,,,
peacocktv.com,https://www.peacocktv.com,r.bell.harrison3@gmail.com,9W1q177!A5YQ,,,,,,,,,,,,,,,
facebook.com,https://www.facebook.com/login.php,6308034284,ESO15123,,,,,,,,,,,,,,,
cengage.com,https://www.cengage.com/dashboard/,RHBELL2@WISC.EDU,ESO15123,,,,,,,,,,,,,,,
chipotle.com,https://www.chipotle.com,r.bell.harrison3@gmail.com,^LN7jm&HdWaJ!f7,,,,,,,,,,,,,,,
collegeboard.org,https://apstudent.collegeboard.org/home,HarrisonBell3,ESO15123,,,,,,,,,,,,,,,
xfinity.com,https://login.xfinity.com/login,Harry1821,ESO15123a,,,,,,,,,,,,,,,
clickworker.com,https://workplace.clickworker.com/,rHarryB,ESO15123,,,,,,,,,,,,,,,
daybreakgames.com,https://auth.daybreakgames.com/login,arkangel3939,ESO15123,,,,,,,,,,,,,,,
robinhood,https://robinhood.com/,r.bell.harrison3@gmail.com,ESO15123a_a,,,,,,,,,,,,,,,
google.com,https://accounts.google.com/ServiceLogin,r.bell.harrison3,ESO15123,,,,,,,,,,,,,,,
nordvpn.com,https://ucp.nordvpn.com/login/,r.bell.harrison3@gmail.com,K*U?Zk7c*NT&?%/,,,,,,,,,,,,,,,
wisc.edu,https://idp.cs.wisc.edu/idp/profile/SAML2/Redirect/SSO;jsessionid=397B882D404A3E245FCE442D9AC3B09C,hbell,ESO15123a_a,,,,,,,,,,,,,,,
act.org,https://onlineprep.act.org/login,r.bell.harrison3@gmail.com,ESO15123,,,,,,,,,,,,,,,
amazon.com,https://www.amazon.com/ap/signin,r.bell.harrison3@gmail.com,ESO15123321,,,,,,,,,,,,,,,
hulu.com,https://auth.hulu.com/web/login,r.bell.harrison3@gmail.com,ESO15123a,,,,,,,,,,,,,,,
aurorapubliclibrary.org,https://cat.aurorapubliclibrary.org/polaris/logon.aspx,21750007463750,3750,,,,,,,,,,,,,,,
google.com,https://accounts.google.com/signin/v2/sl/pwd,r.bell.harrison3@gmail.com,ESO15123,,,,,,,,,,,,,,,
twitch.tv,https://www.twitch.tv/,haery__,ESO15123,,,,,,,,,,,,,,,
CAT,https://www.catme.org/student/,rhbell2@wisc.edu,ESO15123aa,,,,,,,,,,,,,,,
naviance.com,https://connection.naviance.com/family-connection/auth/login/,BELL,1202785,,,,,,,,,,,,,,,
battle.net,https://us.battle.net/account/creation/tos.html,r.bell.harrison3@gmail.com,ESO15123a,,,,,,,,,,,,,,,
MyAnimeList ,https://myanimelist.net/login.php,HARRY12345A,ESO15123,,,,,,,,,,,,,,,
coursehero.com,https://www.coursehero.com/register/,rhbell2@wisc.edu,ESO15123,,,,,,,,,,,,,,,
google.com,https://accounts.google.com/signin/v2/challenge/pwd,r.bell.harrison3@gmail.com,zyWvot-bopco1-qeztyb,,,,,,,,,,,,,,,
kissanime.ru,http://kissanime.ru/Login,H@RRY,ESO15123,,,,,,,,,,,,,,,
coursehero.com,https://www.coursehero.com/register/,r.bell.harrison3@gmail.com,ESO15123,,,,,,,,,,,,,,,
myanimelist.net,https://myanimelist.net/login.php,HARRY12345A,ESO15123,,,,,,,,,,,,,,,
roosterteeth.com,https://roosterteeth.com/signup,r.bell.harrison3@gmail.com,ESO15123,,,,,,,,,,,,,,,
ubisoft.com,https://account.ubisoft.com,r.bell.harrison3@gmail.com,V5fEw4jun5&HBM%,,,,,,,,,,,,,,,
live.com,https://login.live.com/login.srf,zelliott33@gmail.com,Nonoise1604,,,,,,,,,,,,,,,
mangadex.org,https://mangadex.org,r.bell.harrison3@gmail.com,ESO15123,,,,,,,,,,,,,,,
google.com,https://accounts.google.com/AddSession,1202785@aurorachristian.org,ESO15123,,,,,,,,,,,,,,,
3daimtrainer.com,https://www.3daimtrainer.com/stats.php,hARRYb,ESO15123a,,,,,,,,,,,,,,,
google.com,https://accounts.google.com/signin/v2/sl/pwd,harrison.bell12333@gmail.com,ESO15123,,,,,,,,,,,,,,,
mangadex.org,https://mangadex.org/login,HARREY,ESO15123,,,,,,,,,,,,,,,
live.com,https://login.live.com/login.srf,r.bell.harrison3@gmail.com,ESO15123,,,,,,,,,,,,,,,
Alliant,https://www.alliantcreditunion.com/OnlineBanking/Login.aspx?ReturnUrl=%2Fonlinebanking%2F%3Futm_source%3Dpublic%26utm_medium%3Dlink%26utm_campaign%3DACUN01%26_ga%3D2.193234413.1124259290.1584995898-1829462174.1584995898&utm_source=public&utm_medium=link&utm_campaign=ACUN01&_ga=2.193234413.1124259290.1584995898-1829462174.1584995898,hbell356,Gr!2qV5m9dzHetr,,,,,,,,,,,,,,,
rentcafe.com,https://www.rentcafe.com/onlineleasing/ph-apartments/register.aspx,r.bell.harrison3@gmail.com,ESO15123a_,,,,,,,,,,,,,,,
slack.com,https://cs506-spr2021.slack.com,,*NMj6YbLNd89,,,,,,,,,,,,,,,
rentmanager.com,https://palisade.twa.rentmanager.com//login/verifyemailaddress,rhbell2@wisc.edu,ESO15123a,,,,,,,,,,,,,,,
live.com,https://login.live.com/oauth20_authorize.srf,r.bell.harrison3@gmail.com,ESO15123,,,,,,,,,,,,,,,
bitdefender.com,https://login.bitdefender.com,r.bell.harrison3@gmail.com,"Hn.37XqeD,At#/H",,,,,,,,,,,,,,,
alliantcreditunion.com,https://www.alliantcreditunion.com/onlinebanking/forgotpassword/resetpassword.aspx,hbell356,Gr!2qV5m9dzHetr,,,,,,,,,,,,,,,
dcuniverse.com,https://www.dcuniverse.com,r.bell.harrison3@gmail.com,hnyR1@R5*XDk,,,,,,,,,,,,,,,
illinois.edu,https://myillini.illinois.edu/IdentityManagement/Account/Create,r.bell.harrison3@gmail.com,ESO15123a,,,,,,,,,,,,,,,
uwcu.org,https://webbranch.uwcu.org/Auth/Login/Index,RHarrisonBell,ESO15123a_a,,,,,,,,,,,,,,,
oracle.com,https://login.oracle.com/mysso/signon.jsp,r.bell.harrison3@gmail.com,ESO15123a,,,,,,,,,,,,,,,
steampowered.com,https://help.steampowered.com/en/wizard/Login,arkangel393,ESO15123,,,,,,,,,,,,,,,
wisc.edu,https://www.mynetid.wisc.edu/modify,r.bell.harrison3@gmail.com,ESO15123a_,,,,,,,,,,,,,,,
UW Credit Union,https://webbranch.uwcu.org/Auth/Login,RHarrisonBell,***********,,,,,,,,,,,,,,,
steamcommunity.com,https://steamcommunity.com/openid/login,arkangel393,ESO15123,,,,,,,,,,,,,,,
turbotax,https://myturbotax.intuit.com/,r.bell.harrison3@gmail.com,jmt8T5K7eYN@,,,,,,,,,,,,,,,
vudu.com,https://www.vudu.com/content/AccountSetup.html,r.bell.harrison3@gmail.com,ESO15123a,,,,,,,,,,,,,,,
uwcu.org,https://webbranch.uwcu.org/Auth/Login,RHarrisonBell,***********,,,,,,,,,,,,,,,
renweb.com,https://acs-il.client.renweb.com/pw/,stewart.bell@united.com,can5946,,,,,,,,,,,,,,,
Steam Main,https://steamcommunity.com/openid/login,arkangel393,ESO15123,,,,,,,,,,,,,,,
wisc.edu,https://workforce.housing.wisc.edu/wfc/navigator/logon,rhbell2,ESO15123a_a,,,,,,,,,,,,,,,
intuit.com,https://myturbotax.intuit.com,rharryb,jmt8T5K7eYN@,,,,,,,,,,,,,,,
epicgames.com,https://accounts.epicgames.com/register/customized,r.bell.harrison3@gmail.com,ESO15123a_,,,,,,,,,,,,,,,
elderscrollsonline.com,https://account.elderscrollsonline.com/,Arkangel3934,ESO15123,,,,,,,,,,,,,,,
securecafe.com,https://phapts.securecafe.com/residentservices/ph-apartments/recoverpassword.aspx,r.bell.harrison3@gmail.com,ESO15123_a,,,,,,,,,,,,,,,
wisc.edu,https://login.wisc.edu/idp/profile/SAML2/Redirect/SSO,rhbell2,ESO15123a_a,,,,,,,,,,,,,,,
collegeboard.org,https://www.collegeboard.org/,HarrisonBell3,ESO15123,,,,,,,,,,,,,,,
intuit.com,https://myturbotax.intuit.com,harryb,jmt8T5K7eYN@,,,,,,,,,,,,,,,
epicgames.com,https://www.epicgames.com/id/login/reset-password,r.bell.harrison3@gmail.com,ESO15123a_,,,,,,,,,,,,,,,
clickworker.com,https://marketplace.clickworker.com/,rHarryB,ESO15123,,,,,,,,,,,,,,,
wisc.edu,https://login.wisc.edu/idp/profile/SAML2/Redirect/SSO;jsessionid=53B1E5C6FF1C12CD96A6A3EEB25539A6,rhbell2,ESO15123a_a,,,,,,,,,,,,,,,
castleworldwide.com,https://www.castleworldwide.com/registration/asp/login.asp,r.bell.harrison3@gmail.com,fww7tbkr,,,,,,,,,,,,,,,
wisc.edu,https://clearpass.uwnet.wisc.edu/guest/portal_login.php,rhbell2,ESO15123a_a,,,,,,,,,,,,,,,
arcgames.com,https://www.arcgames.com/en/sign/in,r.bell.harrison3@gmail.com,ESO15123,,,,,,,,,,,,,,,
spartanstores.com,https://hrssl.spartanstores.com/psp/hrprdss/,harryb,***,,,,,,,,,,,,,,,
grammarly.com,https://www.grammarly.com,r.bell.harrison3@gmail.com,^gn%NTG4!c1E,,,,,,,,,,,,,,,
steampowered.com,https://store.steampowered.com/login/,arkangel393,ESO15123,,,,,,,,,,,,,,,
wisc.edu,https://login.wisc.edu/idp/profile/SAML2/Redirect/SSO,rhbell2,ESO15123a_a,,,,,,,,,,,,,,,
linkedin.com,https://www.linkedin.com/signup/cold-join,Robert,ESO15123,,,,,,,,,,,,,,,
scholarsapply.org,https://www.scholarsapply.org/toyotafinancial/register.php,rHarryB,ESO15123a,,,,,,,,,,,,,,,
steamcommunity.com,https://steamcommunity.com/login/home/,arkangel393,ESO15123,,,,,,,,,,,,,,,
funimation.com,https://www.funimation.com/log-in/,r.bell.harrison3@gmail.com,ESO15123a_,,,,,,,,,,,,,,,
khello.co,https://pistachio.khello.co:2083/,pistachio,udznNvsRY9Jw4bz,,,,,,,,,,,,,,,
humanbenchmark.com,https://www.humanbenchmark.com/sign_up,Tachyon,ESO15123,,,,,,,,,,,,,,,
arkaive.com,https://arkaive.com/register,rhbell2@wisc.edu,ESO15123,,,,,,,,,,,,,,,
catme.org,https://www.catme.org,rhbell2@wisc.edu,jK#$Rz&6mUF8e48,,,,,,,,,,,,,,,
humblebundle.com,https://www.humblebundle.com/monthly,r.bell.harrison3@gmail.com,ESO15123,,,,,,,,,,,,,,,
riotgames.com,https://auth.riotgames.com/login#client_id=play-valorant-web-prod&nonce=MTI4LDEzNSwyMzks&prompt=login&redirect_uri=https%3A%2F%2Fbeta.playvalorant.com%2Fopt_in&response_type=token%20id_token&scope=account%20openid&state=bG9naW4%3D&ui_locales=en-us,HBTachyon,ESO15123,,,,,,,,,,,,,,,
leagueoflegends.com,https://signup.na.leagueoflegends.com/en/a2/signup/index,HBTachyon,ESO15123,,,,,,,,,,,,,,,
wisc.edu,https://accounts.cs.wisc.edu/accountapp/activate-pass,hbell,ESO15123,,,,,,,,,,,,,,,
walgreens.com,https://www.walgreens.com,r.bell.harrison3@gmail.com,ESO15123a,,,,,,,,,,,,,,,
reddit.com,https://www.reddit.com/login,HBTachyon,ESO15123,,,,,,,,,,,,,,,
ubisoft.com,https://account.ubisoft.com,r.bell.harrison3@gmail.com,4!@&cggeCLMS,,,,,,,,,,,,,,,
freefilefillableforms.com,https://www.freefilefillableforms.com/#/fd/createaccount,r.bell.harrison3@gmail.com,w*nY$9XdEW48qvF,,,,,,,,,,,,,,,
signupgenius.com,https://www.signupgenius.com/index.cfm,rhbell2@wisc.edu,ESO15123a_,,,,,,,,,,,,,,,
spartanstores.com,https://hrssl.spartanstores.com/psp/hrprdss/,227583,ESO15123a_a,,,,,,,,,,,,,,,
freefilefillableforms.com,https://www.freefilefillableforms.com/#/fd/createaccount,RHBTCHYN,w*nY$9XdEW48qvF,,,,,,,,,,,,,,,
spartanstores.com,https://hrssl.spartanstores.com,227583,wQmh7Eb&X3!e,,,,,,,,,,,,,,,
xfinity.com,https://customer.xfinity.com/,Harry1821,ESO15123a,,,,,,,,,,,,,,,
wolfram.com,https://account.wolfram.com/auth/create,r.bell.harrison3@gmail.com,BJ^*HnwcEEk7x5F,,,,,,,,,,,,,,,
xfinity.com,https://login.xfinity.com/login,wsbell421,corb4harr1,,,,,,,,,,,,,,,
gatech.edu,https://passport.gatech.edu/,rbell49,ESO15123_ESO1512312,,,,,,,,,,,,,,,
msi.com,https://register.msi.com/home/login,r.bell.harrison3@gmail.com,ESO15123,,,,,,,,,,,,,,,
thesecretworld.com,https://register.thesecretworld.com/signup/ctrl/register/us/tsw/P4UH7KG4MMM6NXYV,arkangel393,ESO15123,,,,,,,,,,,,,,,
ea.com,https://signin.ea.com/p/web2/create,Arkangel393,ESO15123a,,,,,,,,,,,,,,,
hulu.com,https://signup.hulu.com/account,r.bell.harrison3@gmail.com,ESO15123a,,,,,,,,,,,,,,,
